,date,open,high,low,close,volume
0,2014-02-21,79.1586,79.2415,78.7109,78.7855,11286050
1,2014-02-24,79.2664,80.6261,79.1006,79.9545,16034244
2,2014-02-25,80.0374,80.3939,79.5566,79.8467,10664330
3,2014-02-26,80.054,80.3027,79.2001,79.4156,9088471
4,2014-02-27,79.2415,79.6312,78.8933,79.4571,9101165
5,2014-02-28,79.5566,80.2803,79.4073,79.8136,12652612
6,2014-03-03,79.3908,80.0374,78.6196,79.1752,11897226
7,2014-03-04,80.0789,80.3027,79.4819,80.0208,12566341
8,2014-03-05,78.9265,79.0011,77.43,77.7658,19836928
9,2014-03-06,77.658,77.8819,77.3264,77.7326,12612051
10,2014-03-07,78.2384,78.8104,77.9233,78.7524,12660051
11,2014-03-10,78.885,79.2166,78.4788,79.1752,9967356
12,2014-03-11,79.0591,79.2498,77.5337,77.9399,12144602
13,2014-03-12,77.6331,78.3213,77.5585,78.1057,9705872
14,2014-03-13,78.2964,78.4042,77.3761,77.6331,9872689
15,2014-03-14,77.5834,78.114,77.343,77.4922,11731826
16,2014-03-17,77.8902,78.371,77.7243,78.1969,8676159
17,2014-03-18,78.2715,78.9679,77.9896,78.5202,8757308
18,2014-03-19,78.4705,79.0094,77.2103,77.7078,9914653
19,2014-03-20,77.4673,78.5451,77.1108,78.4125,10405003
20,2014-03-21,78.8436,79.5814,78.1886,78.1886,24482606
21,2014-03-24,78.5617,78.8436,78.3296,78.4622,9539768
22,2014-03-25,78.8436,79.4405,78.5949,78.686,9799558
23,2014-03-26,79.2249,79.2415,78.2715,78.5119,11033634
24,2014-03-27,78.4373,80.0043,77.9813,79.7887,15427492
25,2014-03-28,79.9794,81.223,79.9794,80.9991,12321804
26,2014-03-31,81.6541,81.9525,80.6841,80.9825,12375215
27,2014-04-01,80.9577,81.1898,80.6509,81.024,9476393
28,2014-04-02,80.8582,81.2976,80.568,81.2064,9550006
29,2014-04-03,81.1069,81.6955,80.8831,81.1898,10119284
30,2014-04-04,81.4966,81.8365,80.6509,80.7172,12496720
31,2014-04-07,80.6261,80.8582,80.2123,80.2364,10126378
32,2014-04-08,80.4271,81.1484,80.2115,80.7919,10251416
33,2014-04-09,81.0406,81.0737,80.1112,80.6924,10464949
34,2014-04-10,80.4022,81.0654,79.7846,80.2364,13449913
35,2014-04-11,80.0125,80.7835,79.8219,80.1866,13353028
36,2014-04-14,80.825,81.2934,80.2032,81.1318,9610713
37,2014-04-15,80.8996,81.8282,80.4768,81.8116,12961766
38,2014-04-16,82.1184,82.9889,82.052,82.8562,12508091
39,2014-04-17,82.649,83.7101,82.649,83.2542,15439810
40,2014-04-21,82.9308,83.677,82.8148,83.677,8003529
41,2014-04-22,83.3454,83.619,83.0884,83.2127,8212620
42,2014-04-23,83.3951,83.6936,83.1796,83.3205,8691639
43,2014-04-24,83.3039,83.4034,82.7899,82.9143,9057792
44,2014-04-25,82.8977,83.3785,82.8479,83.2459,10396471
45,2014-04-28,83.5029,84.118,83.163,83.876,12710821
46,2014-04-29,84.2076,85.0366,83.9258,84.1081,10094588
47,2014-04-30,83.8428,84.904,83.4946,84.904,13972286
48,2014-05-01,84.5309,84.8874,83.9008,84.0749,11161697
49,2014-05-02,83.9672,85.3185,83.7184,84.5724,11169957
50,2014-05-05,84.3071,85.5009,84.2159,85.3185,7614576
51,2014-05-06,85.0615,85.6419,84.904,85.1196,9669834
52,2014-05-07,85.4926,85.7662,85.219,85.4843,11007353
53,2014-05-08,85.4678,85.6336,84.7051,84.8294,8924353
54,2014-05-09,84.8962,85.2885,84.5206,85.0965,8948779
55,2014-05-12,85.4137,85.4304,84.7418,85.3302,8830502
56,2014-05-13,85.2885,85.7309,85.0882,85.4387,7529135
57,2014-05-14,85.4387,85.7058,85.2301,85.3803,6999163
58,2014-05-15,85.1383,85.4888,83.7443,84.1199,13658740
59,2014-05-16,83.9613,84.3036,83.736,84.0865,10369477
60,2014-05-19,83.8194,84.3954,83.8194,84.1951,5851383
61,2014-05-20,84.0448,84.3703,83.8445,84.0281,6140744
62,2014-05-21,84.1784,85.3219,84.0699,85.1633,7748049
63,2014-05-22,84.9797,85.1132,84.6959,84.7209,5304614
64,2014-05-23,84.7626,85.0798,84.5258,84.5707,5411273
65,2014-05-27,84.8127,85.0548,84.2451,84.6041,8359739
66,2014-05-28,84.4955,85.1967,84.3453,84.3536,7587010
67,2014-05-29,84.7543,84.8461,84.3203,84.5289,6113654
68,2014-05-30,84.1366,84.4288,83.7777,83.9113,11488959
69,2014-06-02,83.9113,84.2034,83.1934,83.4188,7762537
70,2014-06-03,83.1267,84.0448,83.1267,83.7944,9384234
71,2014-06-04,83.6442,83.8487,83.4355,83.5023,7154661
72,2014-06-05,83.5523,84.1617,83.4355,83.928,12296438
73,2014-06-06,83.978,84.8294,83.9697,84.8044,9342474
74,2014-06-09,84.6792,85.1049,84.4622,84.7376,6404983
75,2014-06-10,84.7042,84.9129,84.3036,84.6875,7917532
76,2014-06-11,84.4622,85.4137,84.3036,85.0965,10270318
77,2014-06-12,85.5222,85.927,84.7793,84.8545,11421250
78,2014-06-13,85.0798,85.6851,84.8294,85.6808,8241548
79,2014-06-16,85.614,86.1816,85.2802,85.9062,8977642
80,2014-06-17,85.6224,85.6307,84.6792,85.4888,9355388
81,2014-06-18,85.614,85.9312,85.1883,85.7476,9575877
82,2014-06-19,85.6474,85.8394,84.8712,85.6641,11107691
83,2014-06-20,86.2067,86.8577,85.9229,86.6657,17681113
84,2014-06-23,86.8994,87.3168,86.7075,87.1248,8553670
85,2014-06-24,86.9579,87.1999,85.5306,85.7476,9708408
86,2014-06-25,85.422,85.6558,84.746,85.2551,10716273
87,2014-06-26,85.0882,85.4554,84.1784,85.1633,8424551
88,2014-06-27,84.8628,84.963,84.0198,84.4789,15149918
89,2014-06-30,84.4789,84.5289,83.9029,84.0365,9536536
90,2014-07-01,84.4288,84.796,84.1283,84.6041,8404213
91,2014-07-02,84.4288,84.8378,84.337,84.7793,6954442
92,2014-07-03,85.0965,86.1983,84.8712,85.6307,6922616
93,2014-07-07,85.4137,85.6808,85.1549,85.6808,7980994
94,2014-07-08,85.4137,86.1649,85.2802,85.831,9615023
95,2014-07-09,85.9396,86.5489,85.8144,86.432,7659029
96,2014-07-10,85.8728,86.0314,85.1716,85.614,8533731
97,2014-07-11,85.4721,85.5556,84.5707,84.9212,7689643
98,2014-07-14,85.2802,86.0397,85.2718,85.7058,8253348
99,2014-07-15,85.5806,85.6391,84.9212,85.4638,8760545
100,2014-07-16,85.6057,86.6323,85.589,86.6157,8879502
101,2014-07-17,86.2901,86.7116,85.3803,85.397,8145741
102,2014-07-18,85.7142,85.9396,85.0214,85.7476,8208309
103,2014-07-21,85.4387,86.1315,85.1883,86.0397,6632386
104,2014-07-22,86.5071,86.9662,86.3903,86.4237,7426442
105,2014-07-23,86.5071,87.1832,86.4153,87.0163,7017078
106,2014-07-24,87.1582,87.4086,86.7659,87.0413,7943024
107,2014-07-25,86.7492,86.7993,85.9396,86.1232,7784729
108,2014-07-28,86.5823,86.9328,85.614,86.1816,11072138
109,2014-07-29,86.9829,87.442,86.407,86.432,8055421
110,2014-07-30,86.5823,86.9328,85.614,86.1816,11072188
111,2014-07-31,85.1216,85.1216,82.5758,82.5841,18297904
112,2014-08-01,82.317,83.0933,81.9497,82.4673,14915613
113,2014-08-04,82.4172,83.8278,82.0583,83.5774,12152078
114,2014-08-05,83.0348,83.0849,81.6159,81.9664,13071813
115,2014-08-06,81.9664,83.1767,81.9664,82.6175,9916916
116,2014-08-07,83.2769,83.3353,81.4907,82.0249,10017398
117,2014-08-08,82.4756,83.2936,82.0666,83.2519,11206941
118,2014-08-11,83.4452,83.5628,82.819,82.9829,8595196
119,2014-08-12,82.5458,82.9493,82.218,82.7812,9585001
120,2014-08-13,83.0585,83.4704,82.7728,83.2855,7645775
121,2014-08-14,83.2939,83.4452,82.8736,83.2855,6547528
122,2014-08-15,83.4116,83.5712,82.487,83.235,9234925
123,2014-08-18,83.4452,83.6553,83.2897,83.6469,7143392
124,2014-08-19,83.6301,84.0083,83.5712,83.6217,8888327
125,2014-08-20,83.6721,83.9663,83.2435,83.7982,6753128
126,2014-08-21,83.8822,84.1092,83.4284,83.4452,6826246
127,2014-08-22,83.1174,83.193,82.4366,82.7896,8096103
128,2014-08-25,83.0501,83.1258,82.7896,82.9997,7570029
129,2014-08-26,83.3107,84.3109,83.2266,83.7478,8536472
130,2014-08-27,83.8654,84.0167,83.2855,83.6553,5849223
131,2014-08-28,83.2435,83.8318,83.2182,83.6889,6072738
132,2014-08-29,83.5292,83.773,82.9745,83.5965,8873707
133,2014-09-02,83.5712,83.7057,82.2096,82.7812,8966533
134,2014-09-03,83.0922,83.7057,83.0922,83.3023,8481019
135,2014-09-04,83.2098,83.5881,82.3441,82.6719,9662876
136,2014-09-05,82.9913,83.462,82.4618,83.4284,9486572
137,2014-09-08,83.1426,83.1426,81.9071,82.176,10080099
138,2014-09-09,82.1088,82.3945,81.4952,81.8566,9762259
139,2014-09-10,81.8314,81.9743,80.5454,81.3691,12113689
140,2014-09-11,80.9573,81.6297,80.537,81.554,10181311
141,2014-09-12,81.1338,81.1842,80.3773,80.5034,10270116
142,2014-09-15,80.4614,81.0245,80.184,80.9321,10694860
143,2014-09-16,80.8816,82.4114,80.7051,81.8902,11582529
144,2014-09-17,82.2937,82.3105,81.3607,81.5961,8777778
145,2014-09-18,81.6549,81.7978,81.0918,81.201,8636631
146,2014-09-19,81.5961,81.9995,81.4154,81.6297,18178477
147,2014-09-22,81.4448,81.5288,80.9153,81.1422,8824870
148,2014-09-23,80.9237,81.6633,80.7135,80.7135,10300659
149,2014-09-24,80.5791,80.8985,79.7133,80.537,12200003
150,2014-09-25,80.4026,80.5959,79.1756,79.2174,12854240
151,2014-09-26,79.2847,80.4866,78.8392,80.2092,11256807
152,2014-09-29,79.6041,79.6629,78.8392,79.3687,14023092
153,2014-09-30,79.0998,79.6881,78.6879,79.0493,15579333
154,2014-10-01,79.0998,79.4612,77.9273,78.0491,14028600
155,2014-10-02,77.6541,78.9233,77.3767,78.419,13756563
156,2014-10-03,78.6711,79.0998,77.8138,78.9401,11572112
157,2014-10-06,79.0157,80.1252,78.9317,79.4444,10599719
158,2014-10-07,79.2343,80.0075,78.4442,78.4778,10787852
159,2014-10-08,78.5198,79.7049,77.6793,79.52,15592479
160,2014-10-09,79.0493,79.4192,77.0153,77.175,17917680
161,2014-10-10,77.6961,78.3937,76.4018,76.9901,18173104
162,2014-10-13,76.7548,77.7718,76.2841,76.3513,14451647
163,2014-10-14,76.8977,77.5196,75.6958,76.1076,23121774
164,2014-10-15,74.8048,76.158,73.0482,75.8302,24704546
165,2014-10-16,74.4518,76.7127,74.1156,76.1496,25215899
166,2014-10-17,76.5951,77.5364,76.0656,76.6623,18194303
167,2014-10-20,76.1748,77.2339,76.1748,77.133,10826502
168,2014-10-21,78.0491,79.0325,77.6289,78.7131,15757046
169,2014-10-22,78.9737,79.499,78.15,78.2761,12742932
170,2014-10-23,79.2679,79.831,78.898,79.0998,11352718
171,2014-10-24,79.167,79.4528,78.3517,79.4192,9740056
172,2014-10-27,78.8812,78.8812,77.9735,78.7636,11394514
173,2014-10-28,79.3771,80.0117,78.9485,79.9319,12570452
174,2014-10-29,80.2008,80.6715,78.6879,79.5032,12410105
175,2014-10-30,78.898,79.5705,78.3517,79.3855,9767918
176,2014-10-31,79.8394,81.4364,79.2679,81.2851,17493736
177,2014-11-03,81.159,81.6129,79.6797,80.0664,13410561
178,2014-11-04,79.4276,79.7554,78.9149,79.4444,13498531
179,2014-11-05,80.1504,80.495,79.5536,79.9067,12480033
180,2014-11-06,79.9991,81.0413,79.2427,80.9069,14731392
181,2014-11-07,81.1016,82.2529,81.0338,81.7704,13233484
182,2014-11-10,82.0074,82.2021,81.3301,81.5079,9087594
183,2014-11-11,81.0846,81.7026,80.9407,81.618,7990045
184,2014-11-12,81.1862,81.6095,80.5174,80.746,11592788
185,2014-11-13,80.3904,80.6021,79.4338,80.1365,12355397
186,2014-11-14,80.3142,80.5174,80.128,80.5005,9352535
187,2014-11-17,80.2973,80.5428,79.7386,80.5174,8704386
188,2014-11-18,80.492,81.0592,80.0264,80.3142,9272445
189,2014-11-19,80.492,81.0508,79.6878,80.9407,8333169
190,2014-11-20,80.7375,81.1862,80.6444,81.1185,8422369
191,2014-11-21,82.2868,82.2868,81.3555,81.9566,12374854
192,2014-11-24,81.5587,81.9481,80.6359,81.0338,10172405
193,2014-11-25,81.2793,81.2963,79.891,80.2381,13747362
194,2014-11-26,80.1195,80.5344,79.8825,79.9841,9822941
195,2014-11-28,77.4613,77.7576,76.2846,76.6486,19556690
196,2014-12-01,76.4962,78.6211,76.4285,78.1809,27584224
197,2014-12-02,78.1555,80.1449,77.8931,79.7386,20885295
198,2014-12-03,80.1449,80.7037,79.5777,80.382,16220449
199,2014-12-04,79.6878,80.0941,78.7904,79.891,13115285
200,2014-12-05,79.5354,80.0772,79.031,79.4253,11831896
201,2014-12-08,78.6465,78.8412,77.347,77.6306,15735859
202,2014-12-09,77.2327,77.9354,76.8348,77.3597,15883826
203,2014-12-10,76.801,76.8094,74.6676,75.0655,22279389
204,2014-12-11,75.2264,77.4952,75.2179,75.5142,21522152
205,2014-12-12,75.0994,75.3449,73.3131,73.3131,24568339
206,2014-12-15,74.1004,75.0062,73.2284,73.5671,21373561
207,2014-12-16,73.1269,75.5142,72.966,73.1523,26372409
208,2014-12-17,73.8549,76.1068,73.7787,75.3618,23323043
209,2014-12-18,76.5047,77.1735,74.8369,77.1735,22882705
210,2014-12-19,76.3692,79.273,75.8613,79.273,38468954
211,2014-12-22,78.6973,79.2984,78.2655,79.0105,17871762
212,2014-12-23,79.1714,80.5767,78.7711,80.0772,13706536
213,2014-12-24,79.764,79.7894,78.7142,79.3915,6875691
214,2014-12-26,79.5693,79.9418,78.4095,78.9089,10584997
215,2014-12-29,79.0105,79.4592,78.638,78.7904,9892119
216,2014-12-30,78.5364,79.0613,78.3163,78.7481,8743369
217,2014-12-31,78.2401,78.8412,77.9354,78.2655,11337219
218,2015-01-02,78.0962,78.7735,77.7237,78.5872,10220410
219,2015-01-05,77.9692,78.2232,75.7682,76.4369,18502381
220,2015-01-06,76.3946,77.3851,75.3618,76.0306,16670713
221,2015-01-07,76.7417,77.4444,76.1914,76.801,13590721
222,2015-01-08,77.2497,78.1132,77.038,78.0793,15487496
223,2015-01-09,78.1386,78.5449,77.3512,77.9692,14488415
224,2015-01-12,77.2412,77.3259,76.0391,76.4708,15176303
225,2015-01-13,76.9364,77.402,75.438,76.1914,17469028
226,2015-01-14,75.3025,76.0983,73.8718,75.9713,23272056
227,2015-01-15,76.5555,76.7502,74.9301,75.311,18759590
228,2015-01-16,75.3279,77.1989,75.3279,77.1396,17713093
229,2015-01-20,77.1565,77.6983,76.5131,77.1142,16760994
230,2015-01-21,77.6645,77.8761,77.0465,77.7745,14276380
231,2015-01-22,78.147,78.7022,77.3089,78.6211,13558953
232,2015-01-23,78.1216,78.2909,76.856,76.9449,14706313
233,2015-01-26,76.7079,77.8338,76.5893,77.6814,10672507
234,2015-01-27,77.2412,77.546,76.6994,76.9957,12301462
235,2015-01-28,76.9364,76.9788,74.3459,74.456,17829700
236,2015-01-29,74.6845,74.7184,72.8306,74.1427,22682981
237,2015-01-30,73.7872,74.8539,73.0168,74.0073,22679947
238,2015-02-02,74.3713,75.8443,74.075,75.8359,20306347
239,2015-02-03,76.9534,78.164,76.8772,78.0962,21900857
240,2015-02-04,77.5798,78.1132,76.6232,77.4274,19632169
241,2015-02-05,78.2147,78.3417,77.6306,78.1894,12809028
242,2015-02-06,78.5561,78.7097,77.5838,78.0444,12331189
243,2015-02-09,77.9591,78.7182,77.8197,78.0955,11360679
244,2015-02-10,78.2491,78.2491,77.0208,77.6264,12952873
245,2015-02-11,76.782,77.4729,76.5858,77.2767,12240595
246,2015-02-12,78.0103,79.0338,77.635,78.7864,14842992
247,2015-02-13,79.0679,79.7076,78.7097,79.6394,12060981
248,2015-02-17,79.1106,79.3835,78.7182,79.3664,11758746
249,2015-02-18,78.4623,78.4623,77.0976,77.6264,19177925
250,2015-02-19,76.4579,77.1232,75.5538,76.2873,19350556
251,2015-02-20,76.2532,76.7138,75.7841,76.6967,15959865
252,2015-02-23,76.1338,76.3811,75.6902,75.9205,12771790
253,2015-02-24,76.1935,76.5773,76.0229,76.2702,9990726
254,2015-02-25,76.3982,76.5091,75.9802,76.4238,9925652
255,2015-02-26,76.0229,76.0655,75.1273,75.6135,13984008
256,2015-02-27,75.8182,76.1508,75.3491,75.5197,13090560
257,2015-03-02,75.3491,75.5026,74.5047,75.0932,13793671
258,2015-03-03,74.9994,75.0761,74.317,74.7349,13493839
259,2015-03-04,75.025,75.025,74.1464,74.3597,13467554
260,2015-03-05,74.2658,74.3651,73.7967,73.9844,12527581
261,2015-03-06,73.7029,73.8649,72.7732,73.0376,16070466
262,2015-03-09,73.4555,73.6773,72.6026,72.6367,14503802
263,2015-03-10,72.3467,72.9523,71.852,71.8691,17195460
264,2015-03-11,72.4405,72.4405,71.6473,71.6644,13004655
265,2015-03-12,72.0141,72.2614,71.6985,71.8349,10792898
266,2015-03-13,71.562,71.8008,70.5214,71.5364,16799920
267,2015-03-16,71.3999,72.3808,71.0246,72.2955,13516235
268,2015-03-17,72.1079,72.3723,71.6601,71.7155,12979713
269,2015-03-18,71.2549,73.6688,71.1611,73.4129,18745653
270,2015-03-19,72.6623,72.9267,71.9245,71.997,12738497
271,2015-03-20,72.2188,72.8414,71.9799,72.1079,36083450
272,2015-03-23,72.5173,73.1656,72.5088,72.867,17450685
273,2015-03-24,72.7561,73.1655,72.0738,72.0908,10174292
274,2015-03-25,72.5429,72.9864,72.3041,72.3808,11934737
275,2015-03-26,72.7561,72.9864,71.7241,71.9202,14400695
276,2015-03-27,71.6814,71.6899,71.0758,71.2891,11579299
277,2015-03-30,71.8776,73.1997,71.8605,73.0376,15653170
278,2015-03-31,72.3723,72.7902,72.0396,72.5002,13353990
279,2015-04-01,73.0973,73.3532,71.8691,72.0396,14522257
280,2015-04-02,71.7241,72.4491,71.5228,71.9032,11297401
281,2015-04-06,72.6282,73.0461,71.8179,72.6111,10916434
282,2015-04-07,72.5088,73.4982,72.2921,73.1399,11836065
283,2015-04-08,73.1826,73.2679,71.6644,71.6985,16257095
284,2015-04-09,71.6473,72.2699,71.4852,72.2017,13281833
285,2015-04-10,72.8158,73.3873,72.3041,72.9779,13372433
286,2015-04-13,73.2849,73.5664,72.7049,72.7902,9880507
287,2015-04-14,73.012,74.6113,72.9523,73.8905,15693825
288,2015-04-15,74.3255,75.5111,74.3255,75.1273,15332834
289,2015-04-16,74.9567,75.1955,74.2999,74.8288,9570809
290,2015-04-17,74.3255,74.5132,73.4854,74.1464,14430130
291,2015-04-20,74.317,75.1444,74.2744,74.4108,11593561
292,2015-04-21,74.5302,74.7349,73.9374,74.1038,10100460
293,2015-04-22,74.2402,74.8885,73.6432,74.5985,8663587
294,2015-04-23,74.5132,75.3832,74.4705,74.6667,9866129
295,2015-04-24,74.3682,74.5132,73.9161,74.1805,8405737
296,2015-04-27,74.5558,74.7179,73.9972,74.2147,10534606
297,2015-04-28,74.3938,74.9397,74.2402,74.8885,9633764
298,2015-04-29,74.6326,75.1188,74.172,74.9482,12534119
299,2015-04-30,75.6305,75.6305,74.3938,74.5217,13947730
300,2015-05-01,74.9311,75.8694,74.8032,75.7841,12257076
301,2015-05-04,76.2702,76.6626,75.8694,76.0058,10343675
302,2015-05-05,76.7394,76.8417,75.5026,75.5794,11895027
303,2015-05-06,76.4664,76.7308,74.8799,75.2211,11273450
304,2015-05-07,75.0591,75.1444,74.1379,74.7179,9992451
305,2015-05-08,75.46,75.9717,74.9055,75.9035,11390293
306,2015-05-11,76.1357,76.1701,74.5189,74.6307,11997787
307,2015-05-12,74.7253,75.2155,74.3211,74.8371,9788887
308,2015-05-13,75.0607,75.4477,74.3057,74.4415,8629433
309,2015-05-14,74.7597,75.1123,74.6049,74.7941,8791275
310,2015-05-15,74.6479,75.3531,74.4759,75.1209,8422209
311,2015-05-18,75.0865,75.2155,74.6307,74.6909,6395354
312,2015-05-19,74.3641,75.0005,74.1405,74.8113,9777078
313,2015-05-20,75.1553,75.1639,74.7425,74.9317,7276571
314,2015-05-21,75.0607,75.1983,74.7855,75.0005,8357353
315,2015-05-22,74.8113,74.9059,74.3899,74.4071,7598432
316,2015-05-26,73.9943,74.2781,73.1257,73.4009,11288963
317,2015-05-27,73.3579,73.8653,72.9021,73.1945,10778275
318,2015-05-28,73.1945,73.5901,72.9451,73.1945,8038943
319,2015-05-29,73.1859,73.5987,72.9967,73.2719,14631316
320,2015-06-01,73.3149,73.5041,72.9279,73.2117,9077512
321,2015-06-02,73.2031,73.6073,73.0225,73.2203,9328322
322,2015-06-03,73.2977,73.8223,72.9795,73.0569,8179540
323,2015-06-04,72.8419,73.0053,72.0507,72.4291,12607257
324,2015-06-05,72.3517,73.0999,72.2227,72.4807,11388508
325,2015-06-08,72.3947,73.2796,72.1797,72.9709,12244688
326,2015-06-09,73.3493,73.4697,72.6613,72.7387,8105514
327,2015-06-10,73.8223,73.9341,73.0999,73.2805,10147049
328,2015-06-11,73.3579,73.7019,73.0053,73.1773,7759265
329,2015-06-12,72.7387,72.8247,72.1195,72.2571,8347341
330,2015-06-15,71.8357,72.2227,71.5433,71.9991,9563933
331,2015-06-16,72.0765,72.8849,71.7239,72.8247,9100116
332,2015-06-17,73.1257,73.2117,72.5925,72.8677,9090188
333,2015-06-18,72.9279,73.9255,72.8591,73.5127,10247825
334,2015-06-19,73.0311,73.5127,73.0311,73.2805,16129576
335,2015-06-22,73.4353,73.6159,73.0741,73.2461,9465144
336,2015-06-23,73.2891,73.3407,72.7473,73.1601,10223910
337,2015-06-24,73.0053,73.3923,72.8075,72.8247,11800118
338,2015-06-25,72.9709,72.9709,72.1797,72.1797,10259382
339,2015-06-26,72.0937,72.3259,71.8013,72.1195,19023328
340,2015-06-29,71.4229,71.7669,71.2079,71.2251,11739236
341,2015-06-30,72.0163,73.0139,71.2079,71.5519,14981145
342,2015-07-01,71.6207,71.8357,70.6145,70.8381,13529076
343,2015-07-02,71.1993,71.6207,70.9929,71.5003,9187997
344,2015-07-06,70.8811,71.4315,70.6231,70.9757,11694425
345,2015-07-07,70.6833,71.5777,70.0813,71.2681,15641535
346,2015-07-08,70.7349,71.3627,70.4425,70.4941,10056994
347,2015-07-09,71.2681,71.5089,70.1587,70.1759,11980543
348,2015-07-10,70.5973,70.9413,70.1759,70.7091,8628659
349,2015-07-13,70.6145,71.0444,70.5801,70.8811,8026658
350,2015-07-14,70.8467,71.6551,70.7435,71.4745,9310155
351,2015-07-15,71.0445,71.7411,70.8672,71.1735,9289210
352,2015-07-16,71.5347,71.7927,71.2079,71.3025,8267647
353,2015-07-17,70.9585,71.2423,70.3393,71.0445,12156000
354,2015-07-20,70.6489,70.869,70.1759,70.3135,12957060
355,2015-07-21,70.4597,70.8897,70.0297,70.2275,8677069
356,2015-07-22,70.8209,70.9241,70.1587,70.3393,13181463
357,2015-07-23,70.2877,70.4941,69.6341,69.7803,10496096
358,2015-07-24,69.7975,69.7975,68.5591,68.7483,14888464
359,2015-07-27,68.1377,68.9117,67.9141,68.1635,14996094
360,2015-07-28,68.5419,71.0918,68.4258,70.9327,19777278
361,2015-07-29,70.6747,71.5519,70.4425,71.5003,13913768
362,2015-07-30,71.5347,71.6551,70.8811,71.3885,11139943
363,2015-07-31,70.2361,70.2361,67.8797,68.1205,26232661
364,2015-08-03,67.6819,67.8797,66.7617,67.1315,15767743
365,2015-08-04,66.9767,67.6045,66.1597,66.3661,18874419
366,2015-08-05,66.9681,67.2777,66.1339,66.3661,16544386
367,2015-08-06,66.1683,67.3035,66.1425,67.1573,13005213
368,2015-08-07,66.6929,67.0541,65.8912,66.0737,12187623
369,2015-08-10,66.2973,67.7249,66.2973,67.7249,14876012
370,2015-08-11,66.8482,67.7683,66.2579,67.2648,14486353
371,2015-08-12,67.2214,68.4627,66.8048,68.3933,16909190
372,2015-08-13,67.9853,68.8273,67.9419,68.2718,13154102
373,2015-08-14,68.2631,68.8186,67.9245,68.02,9129284
374,2015-08-17,67.6468,68.7275,67.2301,68.3759,9365433
375,2015-08-18,68.1676,68.2891,67.343,67.6207,9815315
376,2015-08-19,67.2822,67.343,65.9107,66.1711,17007779
377,2015-08-20,65.9714,66.1277,64.7301,64.7301,17811205
378,2015-08-21,64.3222,65.0079,62.56,62.6121,25488846
379,2015-08-24,59.0184,61.9611,57.7684,59.6521,35531225
380,2015-08-25,61.9003,62.0132,59.2007,59.6434,30409744
381,2015-08-26,61.31,63.1503,60.0253,62.9333,34436044
382,2015-08-27,64.0617,65.0079,63.376,64.9732,24570983
383,2015-08-28,64.8517,65.9541,64.5913,65.1642,18997331
384,2015-08-31,64.4784,65.5808,63.6277,65.3117,19570103
385,2015-09-01,63.6277,63.6711,62.0739,62.5687,24092930
386,2015-09-02,63.4541,63.5756,62.4993,63.567,16936898
387,2015-09-03,63.9229,65.0253,63.6624,64.0531,13451867
388,2015-09-04,63.3065,63.4888,62.7163,62.8986,14902476
389,2015-09-08,63.9923,63.9923,63.3385,63.8013,13626907
390,2015-09-09,64.5565,64.8256,62.3691,62.4993,17246222
391,2015-09-10,63.2024,63.3499,62.3257,62.9506,12353853
392,2015-09-11,62.8465,63.1243,62.5079,63.0982,12172259
393,2015-09-14,62.7684,63.0027,62.2909,62.9246,10738538
394,2015-09-15,62.8812,63.6392,62.8552,63.2458,11979773
395,2015-09-16,63.81,64.843,63.6885,64.4958,15214174
396,2015-09-17,64.5913,65.5114,64.1051,64.6347,15603018
397,2015-09-18,63.593,63.8534,62.6034,63.0895,23180160
398,2015-09-21,63.4541,63.8968,63.1329,63.7058,10852972
399,2015-09-22,62.8031,63.8187,62.5166,63.1416,14245205
400,2015-09-23,63.2545,63.5409,62.751,62.7597,13784836
401,2015-09-24,62.4993,63.4975,62.2562,63.1329,14584249
402,2015-09-25,63.619,63.8274,63.159,63.567,15175317
403,2015-09-28,63.0375,63.7666,62.8465,63.0201,14571908
404,2015-09-29,63.0635,63.5322,62.6208,63.3413,13754439
405,2015-09-30,63.7145,64.5392,63.6538,64.5392,18176502
406,2015-10-01,65.277,65.6069,63.6277,64.2874,14397814
407,2015-10-02,63.7058,65.8846,63.3933,65.8673,18811345
408,2015-10-05,66.5357,66.9697,65.7892,66.6746,18486731
409,2015-10-06,66.8048,68.1936,66.1971,67.612,18757917
410,2015-10-07,68.5495,68.8273,67.2996,68.7492,18703210
411,2015-10-08,68.8447,69.5391,68.1763,69.4697,14344692
412,2015-10-09,69.487,69.5868,68.2457,68.8013,17384670
413,2015-10-12,69.0877,69.0877,68.3325,68.836,9931754
414,2015-10-13,68.3325,69.053,68.1329,68.7145,12326598
415,2015-10-14,68.5495,69.8603,68.3846,69.5825,14485998
416,2015-10-15,69.6086,70.7717,69.3568,70.7283,13640875
417,2015-10-16,71.4054,71.6137,70.7023,71.5964,14304431
418,2015-10-19,71.1884,71.3273,70.1033,70.303,14155779
419,2015-10-20,69.921,70.3594,69.6172,70.1641,12340108
420,2015-10-21,70.1901,70.4419,69.5391,69.6259,10286440
421,2015-10-22,70.0339,72.013,70.0165,71.9523,14823462
422,2015-10-23,71.5356,72.0478,71.0842,72.0304,13215678
423,2015-10-26,71.6311,71.8134,70.4592,70.5026,12576449
424,2015-10-27,69.9384,70.4506,69.2092,70.3898,13579364
425,2015-10-28,70.5808,71.6832,70.2547,71.4228,12473034
426,2015-10-29,70.9974,72.2387,70.9974,71.3794,10341163
427,2015-10-30,71.5877,72.8116,70.5374,71.8221,18758594
428,2015-11-02,71.4401,74.5911,71.2578,74.0269,21266523
429,2015-11-03,74.3568,75.8975,74.2873,75.3897,20115909
430,2015-11-04,75.3203,75.5894,74.3915,74.6345,14245441
431,2015-11-05,74.2613,74.8515,73.3498,73.6189,12291124
432,2015-11-06,72.855,73.3238,72.2387,73.3238,12491678
433,2015-11-09,73.1662,73.2005,71.6251,71.7564,13551176
434,2015-11-10,71.7389,72.3343,71.6776,72.1067,14238006
435,2015-11-11,72.168,72.2906,71.2748,71.4675,9598043
436,2015-11-12,70.5481,71.1698,69.4536,69.5324,16050638
437,2015-11-13,69.4185,69.6812,68.2452,68.3853,17527266
438,2015-11-16,68.2452,70.9158,68.219,70.837,14548134
439,2015-11-17,70.6707,70.8195,69.725,70.014,10011689
440,2015-11-18,69.9527,70.837,69.69,70.6969,10884594
441,2015-11-19,70.4955,70.732,70.084,70.3117,9453285
442,2015-11-20,70.5481,70.8764,69.7425,69.8651,10144448
443,2015-11-23,69.6987,70.6698,69.2259,70.2942,11868403
444,2015-11-24,70.3555,72.1067,70.2241,71.6951,15055512
445,2015-11-25,71.1873,71.9491,71.0122,71.1435,8980425
446,2015-11-27,70.5568,71.1523,70.4518,71.126,4156645
447,2015-11-30,71.2924,72.3694,71.1435,71.5025,17729175
448,2015-12-01,71.5901,71.914,71.161,71.7039,13916981
449,2015-12-02,71.196,71.485,69.5411,69.655,16299981
450,2015-12-03,69.8038,69.9176,68.3153,68.6568,14870252
451,2015-12-04,67.7286,69.1559,67.4515,69.0508,20156434
452,2015-12-07,67.7111,67.86,66.3276,67.247,17676103
453,2015-12-08,65.9073,66.853,64.6114,65.3469,24217600
454,2015-12-09,65.5308,67.5885,65.4345,66.2226,22036336
455,2015-12-10,66.3714,67.86,66.1262,66.2751,20142376
456,2015-12-11,65.5133,66.1438,65.093,65.093,20470858
457,2015-12-14,65.058,66.7392,64.8741,66.5728,21976535
458,2015-12-15,67.7987,69.6987,67.7111,69.5499,24366833
459,2015-12-16,69.2084,69.7075,68.2978,69.3047,17233853
460,2015-12-17,69.1909,69.3748,68.254,68.2627,17362915
461,2015-12-18,67.9212,68.9807,67.4747,67.6673,28835969
462,2015-12-21,68.1139,68.3887,67.1113,67.6498,14460450
463,2015-12-22,68.0351,68.2102,67.606,67.9913,13855761
464,2015-12-23,68.8932,70.2416,68.578,70.2154,15184195
465,2015-12-24,70.2854,70.2854,69.2794,69.4623,5848311
466,2015-12-28,68.4028,69.0508,68.219,68.9457,9715843
467,2015-12-29,70.0402,70.119,69.0333,69.3135,8838979
468,2015-12-30,68.578,69.1646,68.2715,68.3941,9314646
469,2015-12-31,67.8687,68.683,67.7987,68.254,10285519
470,2016-01-04,67.86,68.2452,66.9449,67.8249,20400084
471,2016-01-05,67.5885,68.4203,67.3541,68.4028,11993500
472,2016-01-06,67.1069,67.9825,67.0631,67.8337,18826900
473,2016-01-07,66.5991,68.289,66.459,66.7479,21263761
474,2016-01-08,66.853,67.1157,65.2331,65.3995,19033628
475,2016-01-11,65.6797,65.776,63.5344,64.5239,21352955
476,2016-01-12,64.9004,66.0387,64.0526,65.846,21864130
477,2016-01-13,66.4152,67.4747,65.6184,66.2401,26052729
478,2016-01-14,66.7304,69.9789,66.3714,69.2784,33806670
479,2016-01-15,66.8355,68.4466,66.8092,67.93,28342063
480,2016-01-19,68.2365,68.5079,65.8373,66.8968,22684537
481,2016-01-20,65.7322,66.3014,62.6501,64.0773,33300754
482,2016-01-21,64.0598,65.6622,63.5782,64.8829,22265576
483,2016-01-22,66.9143,67.2208,65.4258,67.0456,22530323
484,2016-01-25,66.3276,66.8442,64.7078,64.7778,17086643
485,2016-01-26,65.4695,67.2208,65.0142,67.1595,18724704
486,2016-01-27,66.5465,67.8336,65.4258,65.9249,18106113
487,2016-01-28,67.7286,68.0001,66.2138,67.4134,16157715
488,2016-01-29,67.1857,68.1664,66.7654,68.1664,25161887
489,2016-02-01,67.1244,67.2383,66.056,66.8005,16754164
490,2016-02-02,64.9617,66.2138,64.4013,65.3119,21404223
491,2016-02-03,66.135,68.7618,65.023,68.7181,25873717
492,2016-02-04,68.8056,70.049,67.9125,69.9001,23658665
493,2016-02-05,69.5236,70.1365,68.7969,70.119,26719850
494,2016-02-08,69.4361,71.6076,69.0946,71.0647,26601176
495,2016-02-09,70.6671,71.2768,69.5273,70.7555,18418094
496,2016-02-10,70.4816,71.966,70.0486,70.1105,16610943
497,2016-02-11,69.2181,70.8173,68.5466,70.3314,19331627
498,2016-02-12,70.7555,71.6302,70.5169,71.5949,16687846
499,2016-02-16,72.1868,72.3194,70.9322,71.7627,15912159
500,2016-02-17,72.1427,73.1367,71.7097,72.4519,17006669
501,2016-02-18,73.2471,73.3885,72.3282,72.8495,14873699
502,2016-02-19,72.6198,72.9379,71.4888,72.8937,13615902
503,2016-02-22,73.521,73.7242,72.6286,72.7965,14595198
504,2016-02-23,72.4431,72.7788,71.4614,71.7716,11041630
505,2016-02-24,70.6053,72.2487,70.3932,72.0278,13777543
506,2016-02-25,72.0631,72.5138,70.7025,72.4608,13706441
507,2016-02-26,73.2383,73.4062,72.178,72.231,14343253
508,2016-02-29,72.3459,72.8053,70.729,70.8173,18903553
509,2016-03-01,71.1796,72.2443,70.9675,71.8158,15730643
510,2016-03-02,71.5242,73.0881,70.9587,73.0704,14094352
511,2016-03-03,73.0351,73.0881,72.0455,72.8053,13216192
512,2016-03-04,73.0351,73.3089,72.243,72.7081,18402742
513,2016-03-07,72.7258,74.6255,72.6375,74.6255,18945555
514,2016-03-08,74.219,74.4046,72.876,73.0086,14003912
515,2016-03-09,73.5299,74.0865,72.664,72.8053,14139276
516,2016-03-10,72.823,73.0351,71.5065,72.611,15898276
517,2016-03-11,73.5299,73.8038,72.4563,72.6198,15370187
518,2016-03-14,71.9925,73.0174,71.5816,72.8142,13345155
519,2016-03-15,72.0985,73.2029,72.0278,73.1764,9213550
520,2016-03-16,73.3531,73.4768,72.3989,73.2206,11492063
521,2016-03-17,73.9363,74.8154,73.0881,74.3074,13672769
522,2016-03-18,74.7403,74.7492,73.5598,74.3957,19637014
523,2016-03-21,74.0777,74.3419,73.7773,73.8833,8385359
524,2016-03-22,73.4062,74.9789,73.3443,74.3251,13005080
525,2016-03-23,74.0953,74.484,73.7949,73.9981,12748876
526,2016-03-24,73.2825,74.2411,73.2736,74.2014,9368327
527,2016-03-28,74.2455,74.5371,73.954,74.4134,7490353
528,2016-03-29,73.9275,74.761,73.4768,74.6873,9977887
529,2016-03-30,75.1291,75.1468,74.219,74.6785,10807029
530,2016-03-31,74.2809,75.191,73.8568,73.8568,13896906
531,2016-04-01,72.8053,73.6801,72.7965,73.3001,12235334
532,2016-04-04,73.3885,74.1307,73.1411,73.4768,8050167
533,2016-04-05,72.9909,73.4503,72.4431,72.6375,10446841
534,2016-04-06,73.0616,73.7419,72.717,73.6094,9320161
535,2016-04-07,73.1234,73.4857,72.4961,72.7788,8267069
536,2016-04-08,73.6005,73.7331,73.2029,73.521,9376167
537,2016-04-11,73.627,74.4311,73.5829,73.6182,9924974
538,2016-04-12,73.9451,74.7757,73.6624,74.5283,9986128
539,2016-04-13,74.6608,75.0231,74.2544,74.9524,9235668
540,2016-04-14,75.1026,75.8978,74.8905,75.4825,10625784
541,2016-04-15,75.3677,75.6857,74.9082,75.0761,11280211
542,2016-04-18,74.1218,75.8625,74.0953,75.7918,9096983
543,2016-04-19,75.8536,76.2601,75.297,76.1717,10354460
544,2016-04-20,76.1894,77.2585,75.9596,76.693,15247074
545,2016-04-21,76.5075,77.6119,76.4898,76.6842,12075295
546,2016-04-22,77.0818,77.4352,76.7107,77.338,9150823
547,2016-04-25,76.9492,77.2231,76.2972,77.1613,8076440
548,2016-04-26,77.5324,77.7003,76.9227,77.4264,9425865
549,2016-04-27,77.7091,78.385,77.1613,78.1597,10463503
550,2016-04-28,77.6296,78.438,77.3115,77.7798,11276191
551,2016-04-29,78.3541,79.326,77.5236,78.1067,17885945
552,2016-05-02,77.9653,79.0579,77.824,78.7517,10273739
553,2016-05-03,78.1067,78.3099,77.1834,77.8505,10137435
554,2016-05-04,78.0183,78.4071,77.3999,77.7003,10601143
555,2016-05-05,78.4248,78.6103,77.4176,77.7886,8721081
556,2016-05-06,77.2762,78.3554,77.2762,78.2039,7968354
557,2016-05-09,78.2834,78.4248,77.0729,78.2569,11159506
558,2016-05-10,78.5485,79.5204,78.4778,79.5172,12509083
559,2016-05-11,79.4459,79.9092,79.0538,79.134,11660167
560,2016-05-12,80.0161,80.132,79.437,79.9003,10720505
561,2016-05-13,79.5528,79.8914,78.8667,79.0003,9721139
562,2016-05-16,79.4815,79.9003,79.3033,79.8112,8638664
563,2016-05-17,79.5439,80.1142,79.4459,79.7756,9835599
564,2016-05-18,80.0161,80.1943,78.9914,79.6152,9680277
565,2016-05-19,78.9558,80.3369,78.8132,80.2924,14397937
566,2016-05-20,80.5419,80.5508,79.6419,79.9627,13191925
567,2016-05-23,79.3033,80.1052,79.143,79.8379,11766051
568,2016-05-24,80.0963,80.5508,79.7934,79.9003,10056575
569,2016-05-25,80.0607,80.524,79.829,80.426,9581349
570,2016-05-26,80.4171,80.6042,79.5439,80.0161,7867901
571,2016-05-27,79.6597,80.2389,79.5884,80.2033,7505941
572,2016-05-31,80.1943,80.3726,79.0627,79.3211,13178770
573,2016-06-01,78.7954,79.7043,78.5281,79.5172,7994794
574,2016-06-02,78.5994,78.8845,78.0647,78.8845,9837535
575,2016-06-03,78.8043,79.1518,78.439,78.7419,9367092
576,2016-06-06,79.1875,79.7488,79.0271,79.6063,8572963
577,2016-06-07,79.9716,81.0141,79.9359,80.827,12889082
578,2016-06-08,81.1121,81.3527,80.6666,80.8983,9982959
579,2016-06-09,80.3547,81.1121,80.2924,80.7914,8974331
580,2016-06-10,80.5508,81.0141,79.9984,80.1765,10353815
581,2016-06-13,80.1231,81.4685,79.927,80.7201,11369954
582,2016-06-14,80.5953,80.9696,80.0607,80.5775,10161030
583,2016-06-15,80.3993,80.9963,80.1943,80.3369,10655773
584,2016-06-16,79.927,81.4329,79.4013,81.2814,12824808
585,2016-06-17,81.522,81.6111,80.3636,80.8359,17483223
586,2016-06-20,81.3438,81.6111,81.1478,81.1923,9388528
587,2016-06-21,80.8359,81.6557,80.4171,81.5577,8557451
588,2016-06-22,81.8339,81.9141,81.0899,81.2369,8785428
589,2016-06-23,81.9141,82.0388,81.2547,81.7982,9464500
590,2016-06-24,80.0874,80.9072,79.437,79.6508,20010494
591,2016-06-27,79.2142,79.3924,78.5103,79.1786,14395728
592,2016-06-28,79.9538,81.023,79.7666,81.0052,13254272
593,2016-06-29,81.4507,82.6002,81.1923,82.3863,13920631
594,2016-06-30,82.2705,83.6047,82.2438,83.5269,14073677
595,2016-07-01,83.1883,83.7407,82.9299,83.616,9946278
596,2016-07-05,82.9744,83.4021,82.1992,82.8853,10744051
597,2016-07-06,83.1794,83.8655,82.3685,83.8387,13144408
598,2016-07-07,84.0615,84.1952,82.2883,82.8319,12240670
599,2016-07-08,83.215,83.5625,82.7962,83.3487,9807645
600,2016-07-11,83.5358,84.1239,83.4467,83.6605,8335705
601,2016-07-12,84.3555,84.605,83.8387,84.605,9870813
602,2016-07-13,84.3377,84.5739,83.8566,84.5427,9458206
603,2016-07-14,84.6941,85.1218,84.311,84.605,9293450
604,2016-07-15,85.0417,85.1397,84.3288,84.7565,10334453
605,2016-07-18,84.5783,84.7832,84.115,84.4892,9865850
606,2016-07-19,84.4357,84.5961,83.9368,84.1773,5901792
607,2016-07-20,83.9813,84.1293,83.5803,83.6962,7383789
608,2016-07-21,83.6605,83.9902,83.2774,83.6249,7759624
609,2016-07-22,83.8566,84.0205,83.509,83.7675,7139681
610,2016-07-25,83.2863,83.4199,81.7626,82.1547,10845892
611,2016-07-26,81.6468,82.0032,81.1834,81.5577,12143539
612,2016-07-27,81.5398,81.8027,80.7557,81.0052,10037885
613,2016-07-28,80.6755,80.8448,79.8468,80.3726,12439249
614,2016-07-29,78.0647,79.3122,76.7371,79.2588,23928098
615,2016-08-01,78.4835,78.5459,76.2648,76.5054,22908390
616,2016-08-02,77.0311,77.8063,76.2559,77.5568,18919157
617,2016-08-03,77.5301,77.9578,77.1648,77.9578,14632941
618,2016-08-04,77.9667,78.1004,77.5479,77.9489,13451350
619,2016-08-05,78.1717,78.2608,77.6549,78.0202,9617289
620,2016-08-08,78.4568,79.2053,78.439,78.938,10492709
621,2016-08-09,78.9647,79.0894,78.5726,79.0359,9654554
622,2016-08-10,78.8832,79.009,77.2926,77.652,12714814
623,2016-08-11,77.9037,78.4249,77.5172,77.9306,11616032
624,2016-08-12,78.1463,79.0629,78.0924,78.9461,9986924
625,2016-08-15,79.4583,79.5302,78.7574,78.9101,6432580
626,2016-08-16,78.9281,79.2425,78.5147,79.009,6817932
627,2016-08-17,79.009,79.2426,78.7753,79.1797,7104565
628,2016-08-18,79.4224,79.9256,79.1887,79.8986,10342730
629,2016-08-19,79.647,79.7459,78.8922,78.9012,8615269
630,2016-08-22,78.4608,79.1707,78.0429,79.0719,8235406
631,2016-08-23,78.9371,79.0989,78.6855,78.8293,6514786
632,2016-08-24,78.6316,79.2247,78.4968,79.0989,7985437
633,2016-08-25,79.0989,79.1078,78.3979,78.5956,6935261
634,2016-08-26,78.7484,79.1797,78.1822,78.4249,6474424
635,2016-08-29,78.2182,79.009,78.2182,78.9371,7027164
636,2016-08-30,78.9641,79.3055,78.5102,78.6495,6441118
637,2016-08-31,78.308,78.371,77.4813,78.308,12491437
638,2016-09-01,77.9306,78.0385,77.3645,78.0385,8434729
639,2016-09-02,78.5597,78.7035,78.12,78.5597,7099643
640,2016-09-06,78.9371,79.656,78.7753,79.5931,9851167
641,2016-09-07,79.665,79.683,79.0539,79.2966,7470375
642,2016-09-08,79.5751,80.312,79.1168,80.0245,9579545
643,2016-09-09,79.674,79.674,78.0025,78.0385,12820202
644,2016-09-12,77.9845,78.8203,77.8497,78.4428,10889025
645,2016-09-13,77.697,77.706,76.4568,76.5737,13214321
646,2016-09-14,76.4209,77.1308,75.7244,76.0255,13957013
647,2016-09-15,76.0884,76.9691,75.9536,76.4568,9251913
648,2016-09-16,75.9446,76.4299,75.0909,75.5133,21538409
649,2016-09-19,76.0075,76.0435,75.3156,75.3335,7929097
650,2016-09-20,75.2437,75.4414,74.1743,74.1743,17521975
651,2016-09-21,74.4259,75.1448,73.9676,74.8572,15055917
652,2016-09-22,75.7379,75.9806,74.9291,75.0729,10738519
653,2016-09-23,74.3001,75.7649,74.2192,74.992,12667106
654,2016-09-26,75.0549,75.9356,74.5247,74.6416,10860320
655,2016-09-27,74.2192,74.8932,73.9496,74.8033,9595020
656,2016-09-28,75.001,78.3889,74.8932,78.0924,28117871
657,2016-09-29,78.1553,78.362,76.9915,77.697,19082873
658,2016-09-30,78.0385,78.9101,77.8677,78.4339,15961506
659,2016-10-03,78.1283,78.362,77.7689,78.2272,7111178
660,2016-10-04,78.5237,78.6316,77.3465,77.5083,8222033
661,2016-10-05,78.0295,78.335,77.9126,78.1822,8796215
662,2016-10-06,78.4069,78.6046,77.679,78.2182,7718259
663,2016-10-07,78.1373,78.5417,77.661,77.9486,6614908
664,2016-10-10,78.6675,79.683,78.6405,79.4763,10060038
665,2016-10-11,79.1528,79.2516,78.4518,78.8472,9309029
666,2016-10-12,78.3799,78.8293,77.8857,78.2991,8172591
667,2016-10-13,77.5981,78.0645,76.7714,77.7868,9890258
668,2016-10-14,78.353,78.663,77.7149,77.7689,7991654
669,2016-10-17,77.7149,77.9935,77.3465,77.7689,7263061
670,2016-10-18,78.335,78.4788,77.6251,77.9755,5429319
671,2016-10-19,78.353,78.9461,78.0744,78.335,9373416
672,2016-10-20,77.9935,78.6316,77.8228,78.371,6866873
673,2016-10-21,77.661,78.0205,77.0126,77.8407,10736170
674,2016-10-24,77.9486,78.4698,77.3465,78.1014,8354850
675,2016-10-25,77.8857,78.7664,77.8228,77.9306,6835886
676,2016-10-26,77.5083,78.5866,77.2387,78.2631,8488064
677,2016-10-27,78.4339,78.7753,78.0025,78.1103,9071099
678,2016-10-28,76.6366,77.6071,75.6121,76.1872,19072186
679,2016-10-31,75.3785,75.8458,74.5787,74.8752,16663771
680,2016-11-01,75.037,75.4144,74.8303,75.1718,13050607
681,2016-11-02,74.8572,75.3785,74.5337,74.992,11226097
682,2016-11-03,75.1987,75.3785,74.6326,75.1808,8836546
683,2016-11-04,75.1538,75.7828,74.372,75.0999,13877124
684,2016-11-07,75.9266,76.8073,75.8461,76.7893,13576246
685,2016-11-08,76.8165,77.8138,76.5989,77.3424,9735164
686,2016-11-09,76.2,78.6116,75.8465,78.1946,15901269
687,2016-11-10,77.8863,79.7721,77.6597,78.9198,14106227
688,2016-11-11,78.4484,78.6297,76.9616,77.6687,13812176
689,2016-11-14,77.3333,77.6506,76.4494,77.3152,12607502
690,2016-11-15,77.7594,78.9289,77.7594,78.7113,12883542
691,2016-11-16,78.6388,78.6751,77.5871,77.7413,8201169
692,2016-11-17,78.3668,78.7657,77.0794,77.2698,8200464
693,2016-11-18,77.2517,77.6506,76.9072,77.3152,8457804
694,2016-11-21,78.3668,78.5935,78.0903,78.4121,8861469
695,2016-11-22,78.5935,79.0921,77.9407,78.5844,9390248
696,2016-11-23,78.4575,78.947,78.2491,78.802,6061281
697,2016-11-25,78.6116,79.0014,78.4575,78.9833,5043042
698,2016-11-28,78.8292,78.9967,78.3034,78.394,7449634
699,2016-11-29,77.4421,78.0359,77.1338,77.8773,9181096
700,2016-11-30,79.4185,79.9534,79.0558,79.1465,22696209
701,2016-12-01,79.763,80.2344,79.0921,79.0921,13005560
702,2016-12-02,79.0468,79.7721,78.5119,78.9108,9706646
703,2016-12-05,79.2281,79.6179,78.802,79.3097,11741074
704,2016-12-06,79.1193,79.6633,78.6024,79.3822,11293620
705,2016-12-07,79.4457,79.9171,79.0558,79.8446,11182628
706,2016-12-08,79.8265,80.5517,79.4638,80.0712,9086715
707,2016-12-09,80.3613,80.6877,79.9443,80.6877,8021683
708,2016-12-12,81.7213,82.9542,81.7213,82.4828,15542076
709,2016-12-13,83.3078,84.5091,82.6551,83.9334,18829345
710,2016-12-14,83.6433,83.6523,81.7484,82.1202,16325355
711,2016-12-15,81.685,82.4828,81.3767,82.4012,11155111
712,2016-12-16,82.9724,83.1084,82.1746,82.6641,20560435
713,2016-12-19,82.8454,82.9905,81.7756,81.9751,9674437
714,2016-12-20,82.0567,82.3649,81.8572,81.9842,7221041
715,2016-12-21,82.2108,82.4103,81.7575,81.8482,7308044
716,2016-12-22,81.6125,82.4103,81.6125,82.3831,8003106
717,2016-12-23,82.4012,82.4647,82.0658,82.238,4266541
718,2016-12-27,82.3468,82.6007,82.1202,82.2743,4960556
719,2016-12-28,82.2108,82.6007,81.83,81.8663,6745940
720,2016-12-29,81.685,82.1383,81.6215,81.9116,6684661
721,2016-12-30,81.6215,82.229,81.6034,81.83,9117830
722,2017-01-03,82.4465,82.8092,81.7303,82.4012,10360622
723,2017-01-04,82.6097,82.6369,81.3677,81.4946,9434240
724,2017-01-05,81.7666,81.8663,80.18,80.2798,14443183
725,2017-01-06,80.4973,80.6696,79.6179,80.2344,16518128
726,2017-01-09,79.9806,79.9806,78.4665,78.9108,13762259
727,2017-01-10,79.0286,79.1556,77.8863,77.9045,13283083
728,2017-01-11,77.8773,78.8292,77.841,78.7023,11183689
729,2017-01-12,79.1193,79.219,78.0314,78.2762,10407049
730,2017-01-13,78.2127,78.5844,78.122,78.2852,8415603
731,2017-01-17,78.4937,79.2281,78.1946,79.2009,13237348
732,2017-01-18,78.9289,79.2462,78.0132,78.2218,11831695
733,2017-01-19,77.9407,78.0586,76.6896,76.8165,16382903
734,2017-01-20,77.4602,77.9316,77.1066,77.8682,18739659
735,2017-01-23,77.6778,77.8591,76.8347,77.0341,11433897
736,2017-01-24,77.0432,77.4874,76.9027,77.1429,11858111
737,2017-01-25,77.3696,77.8591,77.288,77.3696,9578522
738,2017-01-26,77.6869,77.8138,77.1701,77.6053,8779446
739,2017-01-27,77.3333,77.7413,77.1013,77.5237,10945102
740,2017-01-30,77.4421,77.4693,76.3134,76.9344,12789183
741,2017-01-31,77.0976,77.1248,75.366,76.055,19128106
742,2017-02-01,76.1547,76.2998,74.8311,75.1937,15111832
743,2017-02-02,75.4385,75.7286,74.8401,75.6561,12200100
744,2017-02-03,75.8827,75.9009,75.1574,75.7377,12746286
745,2017-02-06,75.7467,75.8374,75.1846,75.5291,9938198
746,2017-02-07,76.1421,76.4989,75.4286,75.7213,11705199
747,2017-02-08,75.6936,75.8136,74.9366,75.2228,14006281
748,2017-02-09,75.5182,75.749,75.3935,75.5551,9602988
749,2017-02-10,75.9429,76.4137,75.8228,76.1829,8739814
750,2017-02-13,76.4137,76.7956,76.0259,76.626,9071638
751,2017-02-14,76.5429,76.7183,75.7582,76.4598,11370525
752,2017-02-15,76.2937,76.7922,76.1306,76.7737,11768513
753,2017-02-16,76.7368,77.0138,75.8598,75.9798,10614956
754,2017-02-17,75.7859,75.8782,75.1858,75.4812,15645973
755,2017-02-21,75.8136,75.8413,75.0566,75.6013,16419612
756,2017-02-22,75.3797,75.4259,74.6596,74.715,12917374
757,2017-02-23,75.1674,75.9059,74.8073,75.4997,13847038
758,2017-02-24,75.3335,75.5182,74.558,74.8535,11338715
759,2017-02-27,74.8996,75.4351,74.6042,75.2781,13465948
760,2017-02-28,75.2689,75.6936,74.8258,75.075,16834163
761,2017-03-01,75.4259,76.9307,75.4259,76.6445,17482122
762,2017-03-02,76.4414,77.78,76.4322,76.903,14170309
763,2017-03-03,77.143,77.1799,75.9429,76.1275,12304096
764,2017-03-06,76.109,76.5337,76.0084,76.4691,9617240
765,2017-03-07,76.7276,76.8938,75.8321,76.1829,12711508
766,2017-03-08,76.0259,76.0536,74.7888,74.8073,16817743
767,2017-03-09,74.4473,75.4443,74.1426,75.3982,14721795
768,2017-03-10,76.109,76.1367,74.9227,75.3428,11355151
769,2017-03-13,75.2412,75.6474,74.8258,75.1674,9571361
770,2017-03-14,74.7796,74.991,74.2626,74.7704,11335678
771,2017-03-15,75.1027,75.7582,74.8212,75.7028,11970300
772,2017-03-16,75.7305,75.8875,75.3982,75.7674,9923804
773,2017-03-17,75.7305,75.9429,75.5366,75.7028,18834129
774,2017-03-20,75.4443,75.7397,75.1858,75.7028,7700258
775,2017-03-21,75.8505,76.0259,75.3335,75.5459,13387665
776,2017-03-22,75.6659,75.7859,75.1766,75.4812,11168417
777,2017-03-23,75.3612,75.9059,75.2043,75.5736,8927991
778,2017-03-24,75.7305,75.7305,74.9172,74.992,9128489
779,2017-03-27,74.6134,75.1766,74.5867,75.0104,8481162
780,2017-03-28,75.075,75.7213,74.7427,75.5551,11028598
781,2017-03-29,75.4166,75.9644,75.2846,75.7213,8495457
782,2017-03-30,75.7305,77.4292,75.6428,77.2723,44704931
783,2017-03-31,76.8661,76.9122,75.5736,75.7121,21750398
784,2017-04-03,75.7213,75.989,75.1027,75.7674,11438652
785,2017-04-04,75.7951,76.0906,75.0843,76.0444,9270872
786,2017-04-05,76.4875,77.1338,76.1367,76.1921,13809062
787,2017-04-06,76.3952,76.8199,76.1275,76.6353,9554910
788,2017-04-07,76.8476,76.9584,76.3306,76.4045,8908620
789,2017-04-10,76.7368,77.0599,76.5522,76.746,8885298
790,2017-04-11,76.6999,76.783,76.0906,76.4783,8576521
791,2017-04-12,76.4968,76.9491,76.3491,76.5983,9516100
792,2017-04-13,76.3675,76.3758,75.3058,75.4166,8667873
793,2017-04-17,75.5643,75.6751,75.1812,75.3151,9577168
794,2017-04-18,75.075,75.5366,74.8073,74.8258,8821414
795,2017-04-19,74.9366,75.2504,74.1334,74.3088,10764437
796,2017-04-20,74.7335,75.4628,74.5027,74.7888,11649051
797,2017-04-21,74.715,74.7796,74.2903,74.4934,9816669
798,2017-04-24,75.0381,75.1489,74.6042,74.8812,8729701
799,2017-04-25,75.1766,75.6383,75.0382,75.4536,10733813
800,2017-04-26,75.2597,76.0075,75.1398,75.1489,9445925
801,2017-04-27,74.8442,75.0566,74.7242,75.0196,12385262
802,2017-04-28,76.1275,76.1552,75.2966,75.3797,12072169
803,2017-05-01,75.2504,75.8967,75.2228,75.7582,8664074
804,2017-05-02,75.8321,76.2475,75.6105,75.749,9102893
805,2017-05-03,75.6751,76.6906,75.6197,76.3491,10289047
806,2017-05-04,75.9705,76.0352,75.1489,75.3705,16163852
807,2017-05-05,75.3612,75.9198,75.3428,75.7213,10213004
808,2017-05-08,75.7028,76.5706,75.7028,76.5245,8097077
809,2017-05-09,76.5891,76.626,75.8505,75.989,8647093
810,2017-05-10,76.5295,76.7625,76.0915,76.3338,9520322
811,2017-05-11,76.9675,77.0794,76.5109,76.9862,10047312
812,2017-05-12,76.7812,77.0794,76.6507,76.9303,7480240
813,2017-05-15,77.3496,77.5201,77.0235,77.1632,10881472
814,2017-05-16,77.2564,77.564,76.8371,76.9303,9574192
815,2017-05-17,76.6973,77.3869,76.3804,76.4084,11151066
816,2017-05-18,76.2034,76.5575,75.8772,76.1847,9905799
817,2017-05-19,76.4177,76.5016,76.1335,76.3525,13028511
818,2017-05-22,76.5202,76.7252,76.3525,76.688,9218736
819,2017-05-23,76.7159,77.2425,76.6414,76.9582,6857205
820,2017-05-24,76.8091,76.9209,76.427,76.688,8263795
821,2017-05-25,76.7252,77.0794,75.9704,76.1847,12370873
822,2017-05-26,76.0543,76.2313,75.3274,75.9983,8227074
823,2017-05-30,75.7467,75.8026,75.5231,75.579,8973580
824,2017-05-31,75.4299,75.4392,74.9919,75.0198,13572313
825,2017-06-01,74.8987,75.3926,74.7309,75.2062,9884090
826,2017-06-02,75.1037,75.1876,73.8642,74.0879,21687305
827,2017-06-05,74.032,74.9173,73.9947,74.6657,11527068
828,2017-06-06,74.8334,75.784,74.7589,75.6815,12208648
829,2017-06-07,75.5324,75.8586,74.8707,75.4019,13096541
830,2017-06-08,75.0291,75.5603,75.0105,75.1317,11720670
831,2017-06-09,75.6256,76.5482,75.1969,76.5389,13553887
832,2017-06-12,77.0421,77.9927,77.0141,77.2844,18172938
833,2017-06-13,77.2098,77.6012,76.9489,77.3124,12175524
834,2017-06-14,77.1726,77.1819,76.0077,76.4829,13713956
835,2017-06-15,76.2127,76.7905,76.0263,76.66,11862610
836,2017-06-16,76.9862,77.8529,76.6041,77.8063,39726069
837,2017-06-19,77.5547,77.769,76.9303,77.126,10445743
838,2017-06-20,76.4829,76.852,75.8679,76.7066,13232586
839,2017-06-21,76.455,77.0048,75.6163,75.8958,11422346
840,2017-06-22,75.9051,76.0263,75.3926,75.5603,8139916
841,2017-06-23,75.346,76.1288,75.2621,76.0543,10611159
842,2017-06-26,76.017,76.1847,75.3994,75.7094,7718724
843,2017-06-27,75.9051,76.1661,75.5883,75.5883,9221642
844,2017-06-28,75.8679,76.194,75.6582,75.9797,9189671
845,2017-06-29,75.8306,76.2686,74.9359,75.2062,20525077
846,2017-06-30,75.5603,75.7104,75.2062,75.2342,14000606
847,2017-07-03,75.2901,76.8743,75.2248,76.5109,8422283
848,2017-07-05,76.1195,76.1195,75.0338,75.346,9830764
849,2017-07-06,75.3553,75.5603,74.6377,74.6657,9822388
850,2017-07-07,74.7402,75.1084,74.3768,74.7589,10777832
851,2017-07-10,74.5539,74.9359,74.5166,74.703,6338262
852,2017-07-11,74.8614,75.2572,74.591,75.113,9681117
853,2017-07-12,75.6628,75.9657,75.2528,75.4485,7973953
854,2017-07-13,75.4578,75.5697,75.2342,75.4578,5582349
855,2017-07-14,75.4858,75.8679,75.2714,75.7467,7497160
856,2017-07-17,75.4858,75.8865,75.3274,75.3553,7914701
857,2017-07-18,75.5044,75.5603,74.9359,75.113,8046119
858,2017-07-19,74.9639,75.3646,74.8055,75.346,9393178
859,2017-07-20,75.4578,75.9424,75.2528,75.3553,9680965
860,2017-07-21,75.1596,75.3367,74.5539,74.6657,12268605
861,2017-07-24,74.6098,74.7589,74.3302,74.4327,9402997
862,2017-07-25,75.2714,75.5324,74.8055,74.8055,11465272
863,2017-07-26,75.0944,75.3926,74.7402,74.8987,10465120
864,2017-07-27,74.7775,75.374,74.4575,75.3274,11149690
865,2017-07-28,74.2277,74.4793,72.9416,74.1811,22800785
866,2017-07-31,74.3954,74.9173,74.1811,74.5911,12820175
867,2017-08-01,74.703,75.0571,74.5259,74.7123,10421212
868,2017-08-02,74.4607,75.1503,74.3675,75.113,10410075
869,2017-08-03,74.8707,75.318,74.8333,75.0105,10136708
870,2017-08-04,74.9639,75.0757,74.6005,74.7496,8292204
871,2017-08-07,74.7123,74.7123,74.4234,74.703,7893753
872,2017-08-08,74.5725,74.7542,74.3954,74.5166,9028396
873,2017-08-09,74.7868,74.88,74.3488,74.7496,8087101
874,2017-08-10,75.0507,75.0695,74.2509,74.3073,12580300
875,2017-08-11,74.5332,74.5708,73.5828,73.5922,10192375
876,2017-08-14,73.978,74.138,73.5075,73.611,8862475
877,2017-08-15,73.5075,73.6298,73.0935,73.4322,10350948
878,2017-08-16,73.4322,73.5546,72.7453,72.8959,9117145
879,2017-08-17,72.6983,72.7171,71.7103,71.7573,13400356
880,2017-08-18,71.6821,72.5571,71.5597,72.1149,14324342
881,2017-08-21,71.9549,72.0961,71.588,71.8703,10084930
882,2017-08-22,72.0302,72.7689,72.0114,72.209,9503600
883,2017-08-23,72.1714,72.4631,71.9549,72.0867,7054254
884,2017-08-24,71.9832,72.1243,71.7009,71.8232,8678316
885,2017-08-25,72.0396,72.576,71.9173,72.1902,6844875
886,2017-08-28,72.3595,72.3972,71.7573,71.9549,8229665
887,2017-08-29,71.7103,71.9738,71.588,71.9361,7060375
888,2017-08-30,71.7385,71.9361,71.5691,71.6068,8217965
889,2017-08-31,71.7667,71.9738,71.5597,71.8232,15641735
890,2017-09-01,71.8608,72.3125,71.8138,72.049,7361092
891,2017-09-05,72.1149,72.7924,72.0867,72.623,12784845
892,2017-09-06,73.2911,74.5473,72.9994,74.1285,18574383
893,2017-09-07,74.3544,74.646,73.9686,74.3638,9836447
894,2017-09-08,74.345,74.3732,73.9874,74.1662,8436033
895,2017-09-11,74.7214,74.7308,74.2415,74.5708,12955773
896,2017-09-12,74.7119,74.9848,74.5614,74.806,7644403
897,2017-09-13,74.806,75.0601,74.6931,75.0601,8369659
898,2017-09-14,75.1354,75.4929,75.0601,75.3612,9072627
899,2017-09-15,75.3894,75.4741,74.8531,75.3424,16043707
900,2017-09-18,75.0789,75.4082,74.9942,75.3612,8594362
901,2017-09-19,75.333,75.6435,75.2624,75.4835,9277072
902,2017-09-20,75.54,75.8975,75.5212,75.794,10606860
903,2017-09-21,75.7376,75.7752,75.0507,75.173,11984170
904,2017-09-22,75.013,75.5588,74.966,75.2012,10205789
905,2017-09-25,75.3047,76.2175,75.2577,76.1987,10496637
906,2017-09-26,75.9446,76.2128,75.8034,76.114,8755080
907,2017-09-27,76.114,76.6409,76.0199,76.6221,9724511
908,2017-09-28,76.8103,77.5819,76.7444,77.3372,15581727
909,2017-09-29,77.102,77.2102,76.7585,77.1396,9943991
910,2017-10-02,76.4998,76.9881,76.448,76.8103,6777857
911,2017-10-03,76.6033,77.1302,76.4998,76.9326,6081997
912,2017-10-04,76.9702,77.0361,76.6409,76.9608,6357088
913,2017-10-05,76.895,77.3843,76.7726,77.1772,7375872
914,2017-10-06,76.942,77.0549,76.5515,76.8855,6070620
915,2017-10-09,77.0079,77.3278,76.9326,77.1867,7489884
916,2017-10-10,77.4784,77.85,77.2431,77.4031,7218534
917,2017-10-11,77.309,77.8547,77.2902,77.723,7023706
918,2017-10-12,77.4501,77.6289,77.3184,77.563,6647544
919,2017-10-13,77.8453,78.1747,77.4972,77.5442,7180046
920,2017-10-16,77.8171,78.0523,77.6665,77.9206,5734007
921,2017-10-17,77.7512,78.0712,77.6665,78.0617,6444106
922,2017-10-18,78.0617,78.4673,77.6665,77.8736,6367060
923,2017-10-19,77.4878,78.1464,77.4689,77.8547,7945461
924,2017-10-20,77.9582,78.2217,77.7418,78.2029,9574086
925,2017-10-23,78.2405,78.8145,78.1371,78.3252,9829896
926,2017-10-24,78.6169,78.8583,78.3911,78.5416,7551187
927,2017-10-25,78.5228,78.7863,78.049,78.2829,7654137
928,2017-10-26,78.4475,78.711,78.2029,78.5416,9154478
929,2017-10-27,78.0994,79.2662,77.1678,78.7675,14866246
930,2017-10-30,78.7675,78.9933,78.4852,78.6075,7811142
931,2017-10-31,78.711,78.7392,78.2593,78.4287,9754213
932,2017-11-01,78.4664,78.9839,78.344,78.918,9429983
933,2017-11-02,78.664,78.7628,78.0147,78.5981,7775467
934,2017-11-03,78.4946,78.7016,78.2499,78.2688,6903526
935,2017-11-06,78.3817,78.918,78.1558,78.8051,9276669
936,2017-11-07,78.7957,78.871,78.1276,78.6451,8471825
937,2017-11-08,78.4381,78.5699,77.9676,78.5416,8691551
938,2017-11-09,78.3817,79.1721,78.1747,79.0121,10347360
939,2017-11-10,78.8317,78.8982,78.2714,78.7652,8693652
940,2017-11-13,78.4898,78.9077,78.4423,78.7177,6720400
941,2017-11-14,78.2714,78.5848,77.958,78.1004,9251742
942,2017-11-15,77.6351,77.958,77.0653,77.1223,9663606
943,2017-11-16,76.391,76.7804,76.1109,76.505,10527200
944,2017-11-17,76.2771,76.6,76.1251,76.2011,9536383
945,2017-11-20,76.1916,76.581,75.9827,76.4955,8468631
946,2017-11-21,76.6285,77.1603,76.581,76.7994,8838367
947,2017-11-22,77.0748,77.3076,76.9703,77.0178,7941632
948,2017-11-24,77.3407,77.5876,77.1318,77.3217,3851283
949,2017-11-27,77.2267,77.3027,76.9418,77.0273,9127527
950,2017-11-28,77.3122,77.8716,77.2172,77.5591,9794574
951,2017-11-29,77.5401,78.1669,77.3787,78.1289,9724992
952,2017-11-30,78.2999,79.202,78.2619,79.0976,18592679
953,2017-12-01,79.24,79.8953,78.2619,79.259,13779254
954,2017-12-04,79.0216,79.938,78.8222,79.3635,12597705
955,2017-12-05,79.297,79.5534,78.5468,78.7177,9357185
956,2017-12-06,78.8982,79.0121,78.0719,78.1384,13398866
957,2017-12-07,78.2524,78.4613,78.034,78.3948,11359598
958,2017-12-08,78.5848,78.7272,78.1194,78.4993,11988633
959,2017-12-11,78.7747,79.0596,78.5753,78.8507,8760735
960,2017-12-12,78.9077,79.1831,78.5373,78.5943,11307030
961,2017-12-13,78.4518,79.1071,78.3284,78.9361,10172650
962,2017-12-14,78.8602,79.1356,78.7177,78.7272,9492394
963,2017-12-15,78.9172,79.0881,78.6987,78.8507,26582332
964,2017-12-18,78.8602,79.4626,78.7367,78.7652,9363466
965,2017-12-19,78.8127,78.9836,78.1859,78.2904,10285052
966,2017-12-20,78.4708,78.9551,78.3664,78.6987,10620305
967,2017-12-21,79.1261,80.0283,78.7842,79.6294,13578133
968,2017-12-22,79.5962,79.7908,79.392,79.7434,10161447
969,2017-12-26,79.7339,80.1137,79.6769,79.7529,4777216
970,2017-12-27,79.7624,79.8668,79.5249,79.6769,7000612
971,2017-12-28,79.7529,79.8193,79.5819,79.7908,7495254
972,2017-12-29,79.7718,79.9618,79.43,79.43,8523411
973,2018-01-02,79.6009,80.9067,79.449,80.75,11469254
974,2018-01-03,80.8735,82.5876,80.5506,82.3359,13957739
975,2018-01-04,82.4214,82.8298,82.0795,82.4499,10863030
976,2018-01-05,82.3834,82.5069,81.391,82.3834,11047571
977,2018-01-08,82.3359,82.7633,82.2442,82.7538,10927088
978,2018-01-09,82.5639,82.7633,82.2885,82.4024,8131631
979,2018-01-10,82.6208,82.8013,81.6522,81.7472,10822328
980,2018-01-11,82.0131,82.9722,81.6047,82.5544,14366028
981,2018-01-12,82.8108,83.561,82.7918,83.1147,9834511
982,2018-01-16,83.3236,83.3426,82.241,82.5924,10882786
983,2018-01-17,82.8108,83.7699,82.5544,83.5705,10545961
984,2018-01-18,83.3521,83.7509,82.9437,83.0292,9223679
985,2018-01-19,83.1622,83.3426,82.2505,82.7633,13090032
986,2018-01-22,82.7823,83.8459,82.6683,83.8079,10270380
987,2018-01-23,83.8079,84.0074,83.3236,83.8554,10281817
988,2018-01-24,84.0358,84.4423,83.58,84.0738,10316111
989,2018-01-25,84.0928,84.3967,83.7604,83.9219,11271867
990,2018-01-26,84.1783,84.5202,84.0169,84.5202,10514408
991,2018-01-29,84.1308,84.8051,83.523,83.58,9315696
992,2018-01-30,83.1337,83.9314,82.4119,82.4119,12407974
993,2018-01-31,82.203,83.0672,81.9846,82.9057,14404736
994,2018-02-01,83.0957,84.7576,82.9532,84.5866,17971012
995,2018-02-02,80.845,81.6807,78.8201,80.2752,29822144
996,2018-02-05,79.0881,79.7624,74.1973,75.7073,30452693
997,2018-02-06,74.5582,76.3056,73.0292,74.4062,36262761
998,2018-02-07,74.4917,75.4129,73.0482,73.0672,21994450
999,2018-02-08,73.542,73.675,72.203,72.241,25650789
1000,2018-02-09,73.1524,73.3731,70.8979,72.7015,29491592
1001,2018-02-12,73.9199,74.4677,72.76,73.3155,19340419
1002,2018-02-13,73.0085,73.6321,72.6535,73.2004,11926610
1003,2018-02-14,72.7111,73.5457,72.1115,73.3539,17188405
1004,2018-02-15,73.5074,73.5841,72.3849,73.114,14432424
1005,2018-02-16,73.0565,73.9871,72.7686,73.4306,13722431
1006,2018-02-20,73.3635,74.3228,72.3954,72.6727,13387346
1007,2018-02-21,72.7399,73.3299,71.8285,71.8476,11714985
1008,2018-02-22,72.241,73.7184,72.1307,72.7782,14020186
1009,2018-02-23,72.9989,74.4667,72.8646,74.3804,13378795
1010,2018-02-26,74.5819,75.7235,74.4092,75.6372,16940419
1011,2018-02-27,75.7907,76.6253,74.3516,74.3516,14629517
1012,2018-02-28,74.9848,75.0711,72.6247,72.6631,17087816
1013,2018-03-01,72.4616,73.5657,71.8141,72.145,15696665
1014,2018-03-02,71.8476,72.7878,71.4543,72.4808,15630250
1015,2018-03-05,72.1738,73.4498,72.0693,73.1716,14890975
1016,2018-03-06,73.5553,73.8527,72.7792,73.0852,10754291
1017,2018-03-07,71.9532,72.1834,70.5717,71.2432,27255463
1018,2018-03-08,71.4735,71.7325,70.6964,71.1089,19299848
1019,2018-03-09,71.7805,72.0107,71.1953,71.531,19714061
1020,2018-03-12,71.8285,72.5096,71.6558,72.1834,14226706
1021,2018-03-13,72.2698,72.7399,71.2336,71.5023,13739675
1022,2018-03-14,71.6078,71.7517,70.5429,70.61,14820676
1023,2018-03-15,71.3296,71.9532,71.0897,71.3967,15640605
1024,2018-03-16,71.3392,72.0683,71.3392,72.0683,32109720
1025,2018-03-19,71.9532,71.9628,70.8643,71.1377,12744781
1026,2018-03-20,71.2049,71.6654,70.9458,70.9842,13003183
1027,2018-03-21,71.2145,72.5672,70.9746,71.9916,15418459
1028,2018-03-22,71.3967,71.6654,70.4086,70.5141,17737019
1029,2018-03-23,70.8115,71.1953,69.7178,69.9289,20157333
1030,2018-03-26,70.658,71.1377,69.7992,70.9938,15032698
1031,2018-03-27,70.9938,71.8523,70.2983,70.706,15821908
1032,2018-03-28,70.7444,71.0034,69.8234,69.8521,18163875
1033,2018-03-29,70.351,71.8476,70.2839,71.579,14882885
1034,2018-04-02,71.2528,71.3775,69.2238,70.2455,17891083
1035,2018-04-03,70.4661,72.0875,70.1304,71.9724,15999151
1036,2018-04-04,71.0418,72.0107,70.4565,71.8285,13122170
1037,2018-04-05,72.0107,73.2195,71.9724,72.9317,14199993
1038,2018-04-06,72.5672,73.0277,71.2001,71.8285,14299567
1039,2018-04-09,72.1642,72.7111,71.7613,71.8285,11103111
1040,2018-04-10,72.9893,74.6106,72.9701,73.9391,19292201
1041,2018-04-11,73.9775,74.8697,73.6321,74.2845,13733954
1042,2018-04-12,74.697,74.9608,73.8767,74.083,13270354
1043,2018-04-13,74.6394,75.0136,74.4476,74.6778,10924966
1044,2018-04-16,74.9464,75.8722,74.5531,75.3494,10743642
1045,2018-04-17,75.3494,75.5604,74.8697,75.1479,10478093
1046,2018-04-18,75.8291,76.5198,75.7331,76.0017,12061415
1047,2018-04-19,76.0977,76.5774,75.6084,76.1936,11291467
1048,2018-04-20,76.0977,76.1744,75.1527,75.7907,12072220
1049,2018-04-23,75.7139,76.3663,75.5508,76.3375,11729830
1050,2018-04-24,76.5582,76.6829,74.8025,75.1671,14101979
1051,2018-04-25,75.0232,76.3855,74.3372,76.2704,13865599
1052,2018-04-26,76.3663,77.6135,76.2991,77.5751,14554442
1053,2018-04-27,73.824,75.4549,73.3731,74.6298,16346833
1054,2018-04-30,74.745,75.3686,74.5819,74.5915,15028835
1055,2018-05-01,74.1214,74.1214,72.8934,73.824,16231035
1056,2018-05-02,73.3443,74.0926,73.2004,73.6801,13883683
1057,2018-05-03,73.2867,73.493,72.3406,73.4306,12243149
1058,2018-05-04,73.0373,74.083,72.855,73.776,9887192
1059,2018-05-07,74.5819,75.8674,74.2557,74.5819,15071534
1060,2018-05-08,74.6394,74.9848,73.2675,74.9176,17430440
1061,2018-05-09,75.7715,76.9803,75.7427,76.6829,17142097
1062,2018-05-10,77.3641,78.4673,77.2297,78.4002,17710327
1063,2018-05-11,78.6715,79.4371,78.4098,78.7684,14751042
1064,2018-05-14,79.1754,79.7794,79.0882,79.3014,11852098
1065,2018-05-15,79.3208,79.4952,78.8847,79.2627,12595736
1066,2018-05-16,79.2336,79.5098,78.6618,79.4855,9569958
1067,2018-05-17,79.66,79.7375,78.9235,79.3499,11224123
1068,2018-05-18,79.0301,79.2723,78.749,78.7878,10030931
1069,2018-05-21,79.2045,79.8054,79.001,79.7375,8822364
1070,2018-05-22,79.8926,80.0961,78.8363,79.1173,10753428
1071,2018-05-23,78.4486,79.6891,78.0804,79.6115,15140896
1072,2018-05-24,78.8363,78.8459,77.4795,77.7896,13360454
1073,2018-05-25,76.8302,76.8787,75.677,76.2778,14561988
1074,2018-05-29,75.7351,76.2972,75.1343,75.9968,14644813
1075,2018-05-30,76.8011,79.1367,76.7721,78.9816,16627467
1076,2018-05-31,78.3129,79.0301,78.1966,78.7297,15803095
1077,2018-06-01,79.3402,79.8054,79.0301,79.3014,9906117
1078,2018-06-04,79.5146,79.9798,78.3081,78.468,10954709
1079,2018-06-05,78.0997,79.127,77.9253,78.187,12059328
1080,2018-06-06,78.9622,79.5534,78.3711,79.5243,11603278
1081,2018-06-07,80.1736,80.7163,80.0089,80.319,13502457
1082,2018-06-08,80.5419,81.0749,79.9507,81.0167,14350376
1083,2018-06-11,81.133,81.2009,80.3674,80.5322,10831599
1084,2018-06-12,80.5419,81.1621,79.7763,79.8732,12351787
1085,2018-06-13,79.8926,80.0476,78.9525,78.9913,12049278
1086,2018-06-14,79.408,79.7568,78.9816,79.3596,11477252
1087,2018-06-15,79.1948,79.2917,78.0222,78.1676,23797456
1088,2018-06-18,77.9156,78.8653,77.8187,78.3226,9192567
1089,2018-06-19,77.4214,78.4584,77.2469,78.2063,8759708
1090,2018-06-20,78.3517,78.6231,77.7896,77.9641,8917708
1091,2018-06-21,77.5473,77.8962,76.8738,77.2275,10990663
1092,2018-06-22,78.6521,79.4081,78.4195,78.8653,16707364
1093,2018-06-25,78.2839,78.7297,76.8496,77.276,10557249
1094,2018-06-26,77.6733,78.5112,77.4989,78.1482,10382781
1095,2018-06-27,78.5552,79.9313,78.5552,79.1851,12724265
1096,2018-06-28,79.2045,79.534,78.5261,79.4371,9390654
1097,2018-06-29,79.9023,80.9586,79.7472,80.1736,17323207
1098,2018-07-02,79.3596,79.5922,78.8072,79.2336,9998318
1099,2018-07-03,80.0282,80.8714,79.5437,79.6988,7197258
1100,2018-07-05,80.0379,80.2124,79.5146,79.7666,9035873
1101,2018-07-06,79.4274,80.1445,79.1367,79.786,7637116
1102,2018-07-09,80.2511,80.5564,80.004,80.3384,7158596
1103,2018-07-10,81.1136,81.5207,80.9295,81.0749,8806167
1104,2018-07-11,80.4643,80.9489,79.4904,80.0379,10405268
1105,2018-07-12,80.445,80.6679,79.7666,80.1348,9762532
1106,2018-07-13,80.1252,81.1621,80.0089,80.7357,8721525
1107,2018-07-16,79.9701,80.2318,79.4662,79.941,8307109
1108,2018-07-17,79.7181,80.193,79.5049,79.7666,7373347
1109,2018-07-18,79.2723,79.7763,78.9719,79.6794,8711884
1110,2018-07-19,79.66,80.067,79.1948,79.4759,8659127
1111,2018-07-20,79.1948,79.4014,78.7393,78.8847,9209376
1112,2018-07-23,79.4177,79.4662,78.6715,78.8847,8425921
1113,2018-07-24,79.001,80.4546,78.9622,80.445,11120967
1114,2018-07-25,80.445,81.1524,79.9604,81.007,9730668
1115,2018-07-26,81.2396,81.792,80.7938,81.637,13210099
1116,2018-07-27,78.468,79.8344,78.3081,79.3886,18223602
1117,2018-07-30,79.5922,79.5922,78.217,79.2142,11282875
1118,2018-07-31,79.1173,79.6115,78.9235,78.9913,11716849
1119,2018-08-01,78.3905,78.4292,77.746,77.9059,8936719
1120,2018-08-02,77.4214,77.7751,76.995,77.4407,8364294
1121,2018-08-03,77.4989,77.8187,77.1694,77.7218,7811180
1122,2018-08-06,77.7702,77.9447,77.276,77.7024,10041825
1123,2018-08-07,78.4098,79.0688,77.8284,78.7587,10698498
1124,2018-08-08,78.5165,78.72,77.8672,78.2354,7275062
1125,2018-08-09,78.2354,78.405,77.6346,77.8381,9828499
1126,2018-08-10,77.8479,77.8616,77.2066,77.7597,12954268
1127,2018-08-13,77.7891,78.0828,76.7904,76.9177,10308844
1128,2018-08-14,77.3387,77.4171,76.4478,76.6729,8005941
1129,2018-08-15,76.154,76.2715,74.9106,75.3316,16307784
1130,2018-08-16,75.6645,76.4673,75.5861,76.3694,11519944
1131,2018-08-17,76.7023,76.8492,76.1736,76.624,10178657
1132,2018-08-20,76.624,77.3485,76.5359,77.1625,8152096
1133,2018-08-21,77.3975,77.9164,77.0254,77.1821,9192229
1134,2018-08-22,77.4562,78.3766,77.3681,78.2885,10098237
1135,2018-08-23,77.8968,77.9654,77.2457,77.4268,7203899
1136,2018-08-24,77.8576,78.3766,77.7597,77.9556,6545216
1137,2018-08-27,78.2395,78.7878,78.1898,78.7193,6671872
1138,2018-08-28,78.8955,79.1305,78.5234,78.6018,8823352
1139,2018-08-29,78.7584,79.3459,78.4206,79.1696,8004792
1140,2018-08-30,78.7682,79.0913,78.4451,78.827,7450853
1141,2018-08-31,78.5626,78.778,78.1024,78.4941,10700016
1142,2018-09-04,78.729,79.0032,78.1416,78.6116,8855027
1143,2018-09-05,78.2297,79.7277,77.936,79.6592,13878418
1144,2018-09-06,79.4144,79.9333,78.6605,78.778,13320645
1145,2018-09-07,78.4745,80.2173,78.1514,80.1194,16417783
1146,2018-09-10,80.5168,81.0103,79.948,80.0019,10817038
1147,2018-09-11,80.2466,81.4509,79.9235,81.1278,11891917
1148,2018-09-12,81.5097,82.0286,81.1376,81.3922,11556657
1149,2018-09-13,81.4118,81.5097,80.2956,80.5991,11162714
1150,2018-09-14,80.697,81.4118,80.5502,81.1866,9442579
1151,2018-09-17,81.2649,81.8621,81.2551,81.6663,8403325
1152,2018-09-18,82.1461,82.3713,81.7055,81.8817,9219890
1153,2018-09-19,81.8915,82.9979,81.8915,82.8608,10413591
1154,2018-09-20,83.086,83.556,82.7727,83.0469,11198171
1155,2018-09-21,83.2329,83.6441,82.7531,83.3895,26639437
1156,2018-09-24,83.9966,85.2645,83.928,84.7896,13549454
1157,2018-09-25,85.2118,85.5338,84.5645,84.6917,12200690
1158,2018-09-26,84.2218,84.6917,83.8987,83.9868,10275498
1159,2018-09-27,84.2854,84.5693,83.8008,83.977,7895430
1160,2018-09-28,83.4679,84.1336,83.2133,83.2427,9884941
1161,2018-10-01,83.5658,84.2316,83.4728,84.0162,8568210
1162,2018-10-02,84.0064,84.8533,83.8321,84.6526,8453138
1163,2018-10-03,84.7015,85.0736,84.1777,84.3491,10206722
1164,2018-10-04,83.7126,84.2759,83.4679,83.791,10204586
1165,2018-10-05,83.5266,83.9085,83.1569,83.556,9217393
1166,2018-10-08,83.0175,84.5008,82.8804,84.3295,13242364
1167,2018-10-09,84.5742,85.0638,83.9476,84.7015,10177885
1168,2018-10-10,84.9169,85.005,82.7335,82.7531,16573426
1169,2018-10-11,82.1852,82.4104,79.4732,79.8942,20320055
1170,2018-10-12,80.4131,80.5208,78.592,79.6788,15216300
1171,2018-10-15,79.6788,80.0263,79.1305,79.1305,10558752
1172,2018-10-16,78.827,79.5662,78.3374,79.5025,9781778
1173,2018-10-17,79.248,79.8158,78.6605,79.7963,12247748
1174,2018-10-18,79.5025,80.746,79.5025,80.1389,17448566
1175,2018-10-19,79.9529,80.7397,79.806,80.2564,12098692
1176,2018-10-22,80.2858,80.462,78.9542,79.4536,9474105
1177,2018-10-23,78.3864,78.778,77.0695,78.171,15465125
1178,2018-10-24,78.4549,78.5822,75.9288,75.9974,16085735
1179,2018-10-25,76.8492,77.3975,76.1149,76.6729,12315457
1180,2018-10-26,76.2421,76.7709,75.3512,75.9092,18160517
1181,2018-10-29,76.438,76.7904,74.6266,75.4393,15707035
1182,2018-10-30,75.9974,77.3779,75.8015,77.1331,17758234
1183,2018-10-31,77.6814,78.6704,77.2506,78.0143,16629070
1184,2018-11-01,78.1612,79.0619,77.6422,78.9836,14159250
1185,2018-11-02,80.0508,80.7264,78.5528,80.2369,19350357
1186,2018-11-05,80.7754,81.1376,79.7375,79.9333,15814958
1187,2018-11-06,80.0312,80.3837,79.6494,80.276,9063313
1188,2018-11-07,80.4914,81.402,79.9528,81.2943,12699787
1189,2018-11-08,81.3922,81.9943,79.8305,80.0019,16865480
1190,2018-11-09,79.3787,80.5062,78.8199,79.982,15070124
1191,2018-11-12,80.7634,80.8326,78.8546,78.9535,11906573
1192,2018-11-13,78.9238,78.9732,76.7875,77.1436,15530229
1193,2018-11-14,77.9941,78.2216,75.9073,76.5403,18552107
1194,2018-11-15,75.8282,77.3315,75.0765,77.3315,18976021
1195,2018-11-16,77.5095,78.3205,77.2425,78.093,13704889
1196,2018-11-19,77.5985,78.4886,77.5688,78.3502,9430819
1197,2018-11-20,77.5589,78.0337,75.5315,76.1249,15533723
1198,2018-11-21,76.5798,77.5194,76.4117,76.7084,9685726
1199,2018-11-23,75.215,75.3633,73.8798,74.6611,10875425
1200,2018-11-26,75.4029,76.471,75.2842,76.1348,13741093
1201,2018-11-27,75.7293,76.5996,75.5611,76.204,10344600
1202,2018-11-28,76.1941,77.5886,75.9963,77.5886,11482133
1203,2018-11-29,77.3611,78.6568,77.3364,78.1919,10255232
1204,2018-11-30,77.5886,78.726,77.46,78.6271,14040141
1205,2018-12-03,79.359,80.5656,79.2601,80.3282,19414847
1206,2018-12-04,80.4864,81.0502,78.4787,78.5579,18540692
1207,2018-12-06,77.1436,77.5787,76.0754,77.5293,23218054
1208,2018-12-07,78.5183,79.4776,76.4859,76.7875,16224694
1209,2018-12-10,77.0051,77.0051,73.9757,75.6996,17946162
1210,2018-12-11,76.8469,76.9458,74.849,75.8381,15742418
1211,2018-12-12,77.1831,77.3414,75.1804,75.1853,14559839
1212,2018-12-13,75.1952,76.3721,75.1161,76.1348,13749746
1213,2018-12-14,75.8776,76.026,74.2655,74.7501,12669300
1214,2018-12-17,74.4336,74.7699,72.6732,73.227,15464117
1215,2018-12-18,72.8215,73.049,70.8336,71.2094,18681179
1216,2018-12-19,71.6545,72.4655,69.5235,70.0028,21679608
1217,2018-12-20,69.3204,69.8842,67.3028,67.8764,28723650
1218,2018-12-21,67.3918,69.5973,66.927,67.372,47287319
1219,2018-12-24,66.1358,66.7885,64.7215,64.7907,14262825
1220,2018-12-26,65.4533,67.9012,63.9401,67.8863,24887738
1221,2018-12-27,66.9962,68.183,65.3544,68.183,22077044
1222,2018-12-28,68.4204,68.816,67.0753,67.4215,19710603
1223,2018-12-31,67.5698,68.3861,66.9171,67.4413,15807007
1224,2019-01-02,66.6105,69.1028,66.5165,68.9248,16727246
1225,2019-01-03,69.2314,69.4787,67.6045,67.8666,13866115
1226,2019-01-04,68.8754,70.4875,68.5984,70.3688,16043642
1227,2019-01-07,70.4677,71.3083,69.9633,70.7347,10844159
1228,2019-01-08,71.7435,71.793,71.1501,71.249,11438966
1229,2019-01-09,71.8029,71.8029,70.8583,71.6248,13473519
1230,2019-01-10,71.2787,71.2886,70.3391,71.2589,13151117
1231,2019-01-11,71.0611,71.1006,70.2897,70.9325,9790134
1232,2019-01-14,70.4281,70.9919,70.3391,70.8435,11012361
1233,2019-01-15,71.16,71.5655,70.5369,70.8831,10298309
1234,2019-01-16,70.6358,71.5803,70.527,70.8534,12595640
1235,2019-01-17,70.4083,71.5457,70.1209,71.338,10141743
1236,2019-01-18,72.4655,72.4853,71.3331,72.1886,15759166
1237,2019-01-22,71.5952,71.9116,70.893,71.1006,15035601
1238,2019-01-23,71.2193,71.5028,70.1512,70.5171,13187221
1239,2019-01-24,70.3193,71.1798,69.8638,70.616,11272716
1240,2019-01-25,71.2787,71.4765,70.7495,70.9325,8998323
1241,2019-01-28,70.2402,70.4973,69.5973,70.4578,13678449
1242,2019-01-29,70.9127,71.3974,70.6951,70.7248,10513242
1243,2019-01-30,70.982,71.7732,70.7199,71.4963,11524722
1244,2019-01-31,71.4963,72.6831,71.2292,72.4754,19876696
1245,2019-02-01,74.0974,75.6501,73.504,75.0864,22968697
1246,2019-02-04,74.9282,74.9282,73.5831,73.9985,15483835
1247,2019-02-05,74.3545,74.8095,74.1865,74.76,12786736
1248,2019-02-06,74.7501,74.938,74.3051,74.4336,10866901
1249,2019-02-07,74.127,74.3644,73.0886,73.86,14418911
1250,2019-02-08,73.76,74.07,72.73,73.98,11959689
1251,2019-02-11,73.88,74.22,73.4,74.1,10434911
1252,2019-02-12,75.08,75.45,74.82,75.4,12599206
1253,2019-02-13,75.58,76.54,75.51,76.25,13214556
1254,2019-02-14,76.26,76.65,75.71,76.27,12773209
1255,2019-02-15,76.94,77.76,76.75,77.71,14330339
1256,2019-02-19,77.56,78.48,77.45,78.23,13551469
1257,2019-02-20,78.3,78.81,78.0,78.53,12633126
